epoch,train_loss,train_accuracy,val_loss,val_accuracy
1,0.30928420332761913,0.8589743589743589,0.021141886090238888,1.0
2,0.04241315805568145,1.0,0.013143058727210801,1.0
3,0.066224817544795,0.9743589743589743,0.002478924542730157,1.0
4,0.046994970935301326,0.9807692307692307,0.0007851911391804202,1.0
5,0.0057818892349202474,1.0,0.0009295823789822558,1.0
6,0.015983619440633517,0.9935897435897436,0.0014638815256249574,1.0
7,0.005325360699759749,1.0,0.0016087338380101654,1.0
8,0.007233552272037531,1.0,0.001711970442556776,1.0
9,0.01022809444186397,1.0,0.0012684892830697612,1.0
10,0.014235934648567285,1.0,0.0009596934897773382,1.0
